"Country","Ladder","LGDP","Support","Expectancy","Freedom","Generosity","Corruption","Positive","Negative"
"Afghanistan",1.44590854644775,7.25359678268433,0.368478119373322,55.2000007629395,0.228301197290421,-0.102335311472416,0.738470911979675,0.260513246059418,0.460166871547699
"Albania",5.4446907043457,9.68870639801025,0.690752625465393,69.1999969482422,0.871545493602753,0.0678853020071983,0.85542505979538,0.597349286079407,0.314227133989334
"Argentina",6.39322853088379,9.99359607696533,0.892117500305176,67.3000030517578,0.831683754920959,-0.129060909152031,0.846093535423279,0.720122218132019,0.30116218328476
"Armenia",5.67909002304077,9.72961330413818,0.819337785243988,68.1999969482422,0.819376289844513,-0.179444074630737,0.680708944797516,0.574716746807098,0.422630548477173
"Australia",7.02458238601685,10.8464336395264,0.896460056304932,71.1999969482422,0.875768780708313,0.187309041619301,0.481580466032028,0.731053113937378,0.248162820935249
"Austria",6.63566398620605,10.9304122924805,0.874427318572998,71.4000015258789,0.874083399772644,0.209268271923065,0.529429733753204,0.71249657869339,0.239608079195023
"Azerbaijan",5.21389484405518,9.63695526123047,0.713477849960327,64.0999984741211,0.82868617773056,-0.160170137882233,0.626640737056732,0.5090611577034,0.221318364143372
"Bahrain",5.95906829833984,10.8768577575684,0.817477226257324,65.5999984741211,0.86856085062027,0.154635056853294,0.490030020475388,0.670568645000458,0.335940003395081
"Bangladesh",4.11354875564575,8.78278350830078,0.449802070856094,64.8000030517578,0.919209420681,0.0189974885433912,0.755618155002594,0.435327172279358,0.434581816196442
"Belgium",6.94359874725342,10.8831844329834,0.89595502614975,71.1999969482422,0.870200216770172,0.0649402514100075,0.521571338176727,0.725244045257568,0.245495796203613
"Benin",4.41983413696289,8.17391300201416,0.39818799495697,56.7000007629395,0.78560084104538,-0.0725946202874184,0.575304806232452,0.573023438453674,0.428076893091202
"Bolivia",5.85988616943359,9.02497577667236,0.786039412021637,63.9000015258789,0.831521213054657,-0.0585208237171173,0.87658828496933,0.753396809101105,0.401113986968994
"Bosnia and Herzegovina",6.00858116149902,9.75916194915771,0.87878692150116,67.4000015258789,0.847237288951874,0.240803793072701,0.947699368000031,0.578550040721893,0.248722270131111
"Botswana",3.3316478729248,9.67330169677734,0.701358497142792,55,0.741224110126495,-0.264173626899719,0.813935577869415,0.65654718875885,0.247490122914314
"Brazil",6.5526909828186,9.63468456268311,0.856452703475952,66.0999984741211,0.869661331176758,-0.0360353030264378,0.73284924030304,0.694193065166473,0.312832564115524
"Bulgaria",5.58959913253784,10.2727899551392,0.934916198253632,66.6999969482422,0.75432425737381,-0.131297528743744,0.947856187820435,0.539438784122467,0.191884160041809
"Burkina Faso",4.46220779418945,7.69299364089966,0.580303072929382,56.4000015258789,0.715367317199707,0.104911595582962,0.64969265460968,0.639460027217865,0.346472024917603
"Cambodia",4.2213454246521,8.46186542510986,0.737613379955292,62.2999992370605,0.960692763328552,0.0699595808982849,0.799151599407196,0.683386027812958,0.394301384687424
"Cameroon",4.94584703445435,8.23762893676758,0.715873539447784,57.2000007629395,0.739136576652527,-0.0275833904743195,0.855074942111969,0.588308990001678,0.355630189180374
"Canada",6.84120655059814,10.7942800521851,0.902472913265228,71.5,0.84709644317627,0.196032762527466,0.467925131320953,0.726323425769806,0.303659617900848
"Chad",4.54409551620483,7.25359678268433,0.608547866344452,53.5,0.586063146591187,0.138054549694061,0.755027592182159,0.541471183300018,0.466506361961365
"Chile",6.22982025146484,10.1549053192139,0.874380528926849,70.5999984741211,0.814988374710083,-0.0268707424402237,0.835945129394531,0.778553485870361,0.263090848922729
"China",6.1447639465332,9.86080837249756,0.796982526779175,69,0.793378353118896,-0.0315709598362446,0.947699368000031,0.707985162734985,0.210350051522255
"Colombia",5.9044041633606,9.66655826568604,0.833208441734314,69.6999969482422,0.823471069335937,-0.142464593052864,0.870226681232452,0.754103422164917,0.285416901111603
"Comoros",3.58805632591248,8.09462451934814,0.482587486505508,59.5999984741211,0.45221135020256,0.00419744942337275,0.704126536846161,0.53503954410553,0.404681205749512
"Congo (Brazzaville)",4.9537296295166,8.08601379394531,0.560727715492249,57.5,0.702421247959137,-0.0507322140038013,0.745044410228729,0.58509224653244,0.409167319536209
"Congo (Kinshasa)",3.38339757919312,7.07586193084717,0.572274744510651,55.7999992370605,0.687303185462952,0.152351975440979,0.837273299694061,0.545732021331787,0.497351318597794
"Costa Rica",7.38406896591187,10.0208969116211,0.874572038650513,70,0.933381497859955,-0.0666854977607727,0.766937911510468,0.80632209777832,0.281794607639313
"Croatia",5.95837879180908,10.4616842269897,0.908594965934753,69.3000030517578,0.57322108745575,-0.205369904637337,0.81046724319458,0.609835505485535,0.230373799800873
"Cyprus",6.0705943107605,10.0406761169434,0.80283123254776,73.1999969482422,0.729809582233429,0.0189974885433912,0.839832365512848,0.681512653827667,0.296863526105881
"Czechia",6.82700634002686,10.638617515564,0.926695585250854,69.3000030517578,0.906065404415131,0.0252480115741491,0.831690669059753,0.750118315219879,0.254332482814789
"Denmark",7.50419282913208,10.9962930679321,0.915669560432434,71.5,0.922739088535309,0.0894335359334946,0.183566778898239,0.75700569152832,0.22948944568634
"Dominican Republic",5.92126226425171,9.90037727355957,0.860253691673279,64.8000030517578,0.866731405258179,-0.106743857264519,0.667494833469391,0.730257034301758,0.25556942820549
"Ecuador",5.85175371170044,9.30724334716797,0.78230094909668,69.5,0.730733454227448,-0.106206864118576,0.839505136013031,0.763028025627136,0.358997344970703
"Egypt",3.88064026832581,9.47959423065186,0.729670882225037,64,0.625340759754181,-0.210252240300179,0.861435532569885,0.435856908559799,0.352329939603806
"El Salvador",6.48184680938721,9.16749477386475,0.743965208530426,66.3000030517578,0.942021489143372,-0.103750243782997,0.495585292577744,0.811922907829285,0.318038552999496
"Estonia",6.42987298965454,10.5167217254639,0.958171248435974,70.0999984741211,0.914573311805725,0.0315010398626328,0.333730578422546,0.764899909496307,0.182295843958855
"Ethiopia",4.09264850616455,7.80902528762817,0.670349836349487,61.5,0.631146788597107,0.211843997240067,0.800479531288147,0.538413941860199,0.298962473869324
"Finland",7.69892930984497,10.8084506988525,0.946864664554596,71.3000030517578,0.943417847156525,-0.00112967996392399,0.185229435563087,0.716777801513672,0.172830328345299
"France",6.55692148208618,10.7417688369751,0.84957093000412,72.5,0.775524079799652,0.00954272411763668,0.557787775993347,0.675797164440155,0.228001296520233
"Gabon",5.10412502288818,9.55369567871094,0.734570622444153,58.9000015258789,0.722349941730499,-0.159617274999619,0.821529746055603,0.619680762290955,0.423641681671143
"Gambia",4.69076347351074,7.6864767074585,0.651343822479248,58.2000007629395,0.726548492908478,0.430171221494675,0.852272391319275,0.719245672225952,0.290904551744461
"Georgia",5.35063505172729,9.78503704071045,0.77903938293457,65.1999969482422,0.876941442489624,-0.268210500478745,0.705884158611298,0.541784524917603,0.231046676635742
"Germany",6.79249048233032,10.8778648376465,0.894832491874695,71.6999969482422,0.844737529754639,0.106207937002182,0.460183352231979,0.706304550170898,0.231235966086388
"Ghana",4.29845142364502,8.6095666885376,0.661466598510742,59.5,0.834113597869873,0.0931529030203819,0.892141580581665,0.637743234634399,0.253894537687302
"Greece",5.79606294631958,10.386622428894,0.818430840969086,71.4000015258789,0.589122653007507,-0.222803696990013,0.805382430553436,0.607938945293427,0.311313360929489
"Guatemala",6.42129373550415,9.14017105102539,0.796193480491638,63.0999984741211,0.873079836368561,-0.049050260335207,0.812035024166107,0.843146860599518,0.302629977464676
"Guinea",4.82717990875244,7.9319920539856,0.576948881149292,55.0999984741211,0.743183076381683,0.186741203069687,0.790581107139587,0.651949822902679,0.515565395355225
"Honduras",5.86056804656982,8.66959095001221,0.731275856494904,64.6999969482422,0.878161668777466,0.0785972028970718,0.783737063407898,0.767172992229462,0.285343945026398
"Hungary",5.9651780128479,10.4727077484131,0.95422637462616,67.8000030517578,0.754715323448181,-0.00214506848715246,0.847480952739716,0.673011004924774,0.18858890235424
"Iceland",7.56160926818848,10.9341669082642,0.978788912296295,72.0999984741211,0.918376803398132,0.299156993627548,0.697474718093872,0.793062627315521,0.185020506381989
"India",4.67600870132446,8.91947078704834,0.632896602153778,61.5,0.89960104227066,0.120886921882629,0.769851803779602,0.698765099048615,0.388525694608688
"Indonesia",5.69486951828003,9.4655818939209,0.780544459819794,63.2999992370605,0.900427937507629,0.589554369449615,0.86623740196228,0.813895046710968,0.289472162723541
"Iran",5.00428056716919,9.65088844299316,0.809478878974915,66.9000015258789,0.61540013551712,0.253602981567383,0.76425313949585,0.533352613449097,0.424632757902145
"Iraq",5.47537183761597,9.09318161010742,0.734168350696564,64.5999984741211,0.658408582210541,-0.0174491107463837,0.851072788238525,0.586599290370941,0.468665331602097
"Ireland",6.81653118133545,11.6755876541138,0.921253502368927,71.5,0.902766406536102,0.182177886366844,0.373317092657089,0.741769552230835,0.245300188660622
"Israel",6.78340244293213,10.7072687149048,0.951891183853149,73,0.797024130821228,0.146183684468269,0.635508954524994,0.484275817871094,0.51591569185257
"Italy",6.24511194229126,10.7028751373291,0.851000845432281,72.1999969482422,0.698561906814575,-0.0525361262261868,0.819012880325317,0.635907828807831,0.293422430753708
"Ivory Coast",5.336585521698,8.65577030181885,0.62278687953949,57.0999984741211,0.753174960613251,-0.0574532933533192,0.675910711288452,0.669590771198273,0.306543081998825
"Japan",5.91011571884155,10.6537866592407,0.842273354530334,74.5999984741211,0.776991784572601,-0.221992656588554,0.59360009431839,0.63761043548584,0.177954867482185
"Jordan",4.29203319549561,9.15136814117432,0.720771193504333,67.5999984741211,0.754420399665833,-0.143365949392319,0.651288032531738,0.51838356256485,0.441703170537949
"Kazakhstan",6.2994327545166,10.1717491149902,0.929064273834229,66.5999984741211,0.900705277919769,0.0495081022381783,0.812061488628387,0.626281023025513,0.113802433013916
"Kenya",4.49622917175293,8.52347373962402,0.702744722366333,59.2999992370605,0.735895037651062,0.316245853900909,0.79979932308197,0.755693912506104,0.244638189673424
"Kosovo",6.8777928352356,9.4802713394165,0.807212769985199,70.1999969482422,0.899681031703949,0.285178244113922,0.810932040214539,0.682165205478668,0.139780566096306
"Kuwait",7.13028430938721,10.811559677124,0.890011191368103,70,0.897539496421814,0.136040940880775,0.697474718093872,0.729435086250305,0.206977695226669
"Kyrgyzstan",5.90950918197632,8.57337474822998,0.946027636528015,67.9000015258789,0.943286836147308,0.145084977149963,0.899019002914429,0.681409239768982,0.165388390421867
"Laos",5.48637199401855,9.00526428222656,0.678385674953461,61.7000007629395,0.904176831245422,0.0993717238306999,0.7238489985466,0.679201781749725,0.335066318511963
"Latvia",6.29564476013184,10.4075508117676,0.931972980499268,66.5999984741211,0.815522491931915,0.0588938035070896,0.799862325191498,0.671201527118683,0.256692886352539
"Lebanon",3.58790826797485,9.47132587432861,0.685645520687103,66.3000030517578,0.49920579791069,-0.102335311472416,0.895419359207153,0.373126566410065,0.385294824838638
"Liberia",4.49391508102417,7.3085470199585,0.62950986623764,57.2999992370605,0.719752907752991,0.038619264960289,0.834177255630493,0.608362913131714,0.428341954946518
"Libya",5.97028875350952,9.63695526123047,0.748156547546387,66.0999984741211,0.76222288608551,0.20931750535965,0.643733322620392,0.584836006164551,0.372077763080597
"Lithuania",6.55265426635742,10.5753288269043,0.881319046020508,68.0999984741211,0.733974993228912,-0.232166826725006,0.751126110553741,0.493286520242691,0.200586646795273
"Luxembourg",7.01606225967407,11.6487112045288,0.879195332527161,71.6999969482422,0.910813271999359,0.0334397703409195,0.343210786581039,0.7507004737854,0.194495305418968
"Madagascar",4.4330005645752,7.33264303207397,0.692404687404633,58.2999992370605,0.503715991973877,0.095864549279213,0.783530712127686,0.71846741437912,0.3891581594944
"Malawi",3.27209186553955,7.27889919281006,0.469851523637772,59.2999992370605,0.738372206687927,0.0140711655840278,0.745269656181335,0.519979953765869,0.338397562503815
"Malaysia",5.86810207366943,10.2828025817871,0.778558313846588,65.5999984741211,0.964831709861755,0.153567984700203,0.753640353679657,0.760988891124725,0.194880694150925
"Mali",4.36997604370117,7.67325210571289,0.641085267066956,56.2000007629395,0.775947093963623,-0.0434147082269192,0.789678037166595,0.660170137882233,0.324474364519119
"Malta",6.29485464096069,10.9304122924805,0.911656141281128,71.6999969482422,0.850814700126648,0.138054549694061,0.780030906200409,0.643815636634827,0.361335605382919
"Mauritania",4.29204750061035,8.62022876739502,0.606150031089783,60.7000007629395,0.539580404758453,0.0183215159922838,0.669011771678925,0.707503497600555,0.32934445142746
"Mauritius",5.75916910171509,10.0827436447144,0.867578029632568,63.7999992370605,0.796654462814331,-0.00215312256477773,0.768978416919708,0.663708209991455,0.160012111067772
"Mexico",7.0057315826416,9.90024280548096,0.868416130542755,65.8000030517578,0.870060980319977,-0.123758651316166,0.755870282649994,0.809243381023407,0.233157888054848
"Moldova",5.80136823654175,9.49173927307129,0.842314958572388,66.0999984741211,0.844444751739502,-0.156639188528061,0.860049724578857,0.577719390392303,0.250910073518753
"Mongolia",5.57962274551392,9.43319320678711,0.937877237796783,60.7000007629395,0.699211120605469,0.220118030905724,0.871100664138794,0.545166730880737,0.197405427694321
"Montenegro",5.8130054473877,10.0406761169434,0.853135645389557,67.4000015258789,0.798818647861481,-0.0660146921873093,0.705612182617187,0.480803400278091,0.317708820104599
"Morocco",4.4865140914917,9.0094633102417,0.499518603086472,64.0999984741211,0.820800483226776,-0.0937033295631409,0.831204354763031,0.548703730106354,0.415028363466263
"Mozambique",5.70449924468994,7.14727783203125,0.700975000858307,52.2000007629395,0.867054402828217,0.0712420642375946,0.677717447280884,0.625110864639282,0.334749221801758
"Myanmar",4.39063358306885,8.34735202789307,0.684586405754089,62.2000007629395,0.695294976234436,0.547801196575165,0.686380743980408,0.634078502655029,0.357779175043106
"Namibia",5.05532169342041,9.16740894317627,0.852072656154633,57.5999984741211,0.673939287662506,-0.112721130251884,0.873001873493195,0.634756743907928,0.207879021763802
"Nepal",5.38870811462402,8.31812572479248,0.749457478523254,62.4000015258789,0.764679193496704,0.183550432324409,0.792251288890839,0.460589349269867,0.350389391183853
"Netherlands",7.25479364395142,10.9770641326904,0.914922475814819,71.6999969482422,0.847286701202393,0.222540840506554,0.423908263444901,0.692705869674683,0.201694622635841
"New Zealand",6.97595548629761,10.7195682525635,0.932887077331543,70.5,0.876608431339264,0.181391641497612,0.303655803203583,0.738133490085602,0.228582710027695
"Nicaragua",6.36212491989136,8.68505668640137,0.83629184961319,65.8000030517578,0.906491041183472,-0.0081497048959136,0.53165078163147,0.772143423557281,0.339979648590088
"Niger",4.60865783691406,7.18124866485596,0.637947022914886,56.9000015258789,0.766963303089142,0.0290120486170053,0.783530712127686,0.747266471385956,0.41663733124733
"Nigeria",4.86893749237061,8.51370525360107,0.780888855457306,55.7000007629395,0.720121383666992,0.20931750535965,0.876502215862274,0.721117436885834,0.266198456287384
"North Macedonia",5.40302467346191,9.77572631835937,0.882915556430817,66.9000015258789,0.738114595413208,0.123343095183372,0.917136311531067,0.517428696155548,0.271874696016312
"Norway",7.24867534637451,11.1247968673706,0.951586008071899,71.5999984741211,0.937649428844452,0.21949315071106,0.244850248098373,0.756483852863312,0.228337630629539
"Pakistan",4.54931449890137,8.58845806121826,0.553014159202576,58,0.661370456218719,0.0704244077205658,0.889399290084839,0.50403368473053,0.41736826300621
"Panama",6.54328966140747,10.4552001953125,0.887288928031921,69.0999984741211,0.851926505565643,-0.146810412406921,0.870590507984161,0.828531265258789,0.257107973098755
"Paraguay",6.2137885093689,9.54863929748535,0.888620853424072,66,0.901636183261871,-0.00395855633541942,0.835490345954895,0.832586705684662,0.240281000733376
"Peru",5.93566608428955,9.45939636230469,0.786517977714539,70.1999969482422,0.756995558738708,-0.0606630742549896,0.919480383396149,0.764844357967377,0.370369434356689
"Philippines",6.18351173400879,9.10167980194092,0.795529246330261,62.0999984741211,0.931883215904236,-0.0380380190908909,0.767921805381775,0.800451934337616,0.324409663677216
"Poland",6.68465280532837,10.5269708633423,0.89007294178009,69.4000015258789,0.775143623352051,-0.232159808278084,0.661707103252411,0.555696308612823,0.155131265521049
"Portugal",5.95401096343994,10.5042610168457,0.894850015640259,71.5,0.846599161624908,-0.175522699952126,0.889157891273499,0.661409437656403,0.308817237615585
"Romania",6.48858976364136,10.4306392669678,0.825630784034729,67.3000030517578,0.848597168922424,-0.202025085687637,0.904699385166168,0.627911329269409,0.270979017019272
"Russia",5.86481237411499,10.2087459564209,0.853754878044128,65.6999969482422,0.749966144561768,0.0555553510785103,0.733434677124023,0.616144716739655,0.190402612090111
"Saudi Arabia",6.95337390899658,10.8294429779053,0.884445488452911,64.8000030517578,0.754715323448181,0.0275029204785824,0.253073781728745,0.736897885799408,0.239862665534019
"Senegal",5.09272527694702,8.19954299926758,0.668487846851349,60.5999984741211,0.79761004447937,0.0480201132595539,0.835981428623199,0.824827194213867,0.258341461420059
"Serbia",6.4410138130188,9.96132659912109,0.894927203655243,67.4000015258789,0.806503236293793,0.0848912745714188,0.781697452068329,0.526270687580109,0.205906271934509
"Sierra Leone",3.46657776832581,7.41162061691284,0.60141396522522,56.0999984741211,0.693507194519043,0.101428270339966,0.866305291652679,0.504435777664185,0.429989457130432
"Singapore",6.6539421081543,10.9021368026733,0.916325747966766,74,0.861233413219452,0.146668240427971,0.152543053030968,0.667156934738159,0.190485507249832
"Slovakia",6.26052188873291,10.424976348877,0.941262781620026,69.4000015258789,0.753177225589752,-0.135729134082794,0.825238704681396,0.646765291690826,0.235034763813019
"Slovenia",6.74576854705811,10.6643447875977,0.91065514087677,71.4000015258789,0.931499361991882,0.0310815759003162,0.750028192996979,0.614537596702576,0.2564457654953
"South Africa",5.07571935653687,9.50288391113281,0.839282095432281,58.2999992370605,0.747669756412506,-0.109230868518353,0.861435532569885,0.707858741283417,0.254731088876724
"South Korea",6.11191892623901,10.7417688369751,0.799441337585449,74.1999969482422,0.762343049049377,-0.00366584421135485,0.713588833808899,0.603400409221649,0.245323657989502
"Spain",6.45603322982788,10.6089601516724,0.912134528160095,72.5999984741211,0.778683066368103,-0.00389982480555773,0.674821138381958,0.654593586921692,0.325137466192245
"Sri Lanka",3.60245490074158,9.36407089233398,0.790229856967926,67.4000015258789,0.753907203674316,0.0504892766475677,0.921878397464752,0.709381639957428,0.352604866027832
"State of Palestine",4.85118532180786,9.63695526123047,0.831444501876831,65.1999969482422,0.707762122154236,-0.146810412406921,0.808127403259277,0.579646289348602,0.378292173147202
"Sweden",7.16077709197998,10.9021368026733,0.926617562770844,72.4000015258789,0.926378607749939,0.146668240427971,0.253073781728745,0.738825976848602,0.19444540143013
"Switzerland",6.96883296966553,11.1692571640015,0.903757095336914,73.3000030517578,0.890971660614014,0.103554204106331,0.246743872761726,0.74536794424057,0.184581637382507
"Taiwan Province of China",6.65535163879395,10.9304122924805,0.871551275253296,70,0.794507622718811,-0.268210500478745,0.640639066696167,0.747687041759491,0.11053529381752
"Tajikistan",5.37947082519531,8.37105178833008,0.870741546154022,62.5999984741211,0.900705277919769,-0.0543776787817478,0.482385396957397,0.63794481754303,0.231346413493156
"Tanzania",4.04202842712402,7.89275026321411,0.66348534822464,60.2999992370605,0.861729443073273,0.121643744409084,0.6088986992836,0.702193856239319,0.21007065474987
"Thailand",6.28236436843872,9.80733108520508,0.873081505298615,68.5999984741211,0.925836265087128,0.33799484372139,0.889299929141998,0.810709714889526,0.217497318983078
"Togo",4.36493873596191,7.72525358200073,0.5471550822258,58.2000007629395,0.665011823177338,-0.0711567923426628,0.684943556785583,0.546305119991302,0.361713230609894
"Tunisia",4.50514125823975,9.28178882598877,0.701545476913452,67.0999984741211,0.48224213719368,-0.226395189762115,0.882401585578918,0.461158454418182,0.364168494939804
"Türkiye",5.46270036697388,10.4292030334473,0.859526574611664,69.0999984741211,0.522796511650085,-0.159018278121948,0.747561454772949,0.344346642494202,0.348512709140778
"Uganda",4.46651887893677,7.75876951217651,0.827439844608307,60.0999984741211,0.847656607627869,0.0670902952551842,0.911813735961914,0.726051688194275,0.376372843980789
"Ukraine",4.67244482040405,9.42267417907715,0.839185178279877,64.8000030517578,0.772263526916504,0.369769632816315,0.922391295433044,0.490358352661133,0.384988129138947
"United Arab Emirates",6.72838401794434,11.2355442047119,0.775808215141296,66.5999984741211,0.885922133922577,0.155217304825783,0.183566778898239,0.654695928096771,0.304354578256607
"United Kingdom",6.65804290771484,10.7585430145264,0.885865747928619,70.5,0.874444127082825,0.269720077514648,0.490030020475388,0.719033598899841,0.272324085235596
"United States",6.52087211608887,11.0892925262451,0.860502541065216,65.5999984741211,0.721452534198761,0.184887230396271,0.72170090675354,0.706367611885071,0.283993393182755
"Uruguay",6.66172170639038,10.1222639083862,0.908374488353729,67.5,0.904163777828217,-0.0502562001347542,0.661657571792603,0.753448128700256,0.264817208051682
"Uzbekistan",6.38536071777344,9.02587127685547,0.908859312534332,65.9000015258789,0.926783859729767,0.247137069702148,0.649539768695831,0.751747012138367,0.202206999063492
"Venezuela",5.76536321640015,9.65088844299316,0.884667932987213,63.7000007629395,0.756530225276947,0.0334397703409195,0.82539290189743,0.757685244083405,0.300037950277328
"Vietnam",6.32511520385742,9.3923511505127,0.844905018806458,65.6999969482422,0.955560028553009,-0.159113645553589,0.655274569988251,0.710067570209503,0.119510151445866
"Yemen",3.53157353401184,8.78278350830078,0.824958205223083,56.5999984741211,0.582724273204803,-0.0275833904743195,0.771463513374329,0.446534216403961,0.340793550014496
"Zambia",3.68556809425354,8.11505317687988,0.664098680019379,56.0999984741211,0.854004442691803,0.0923767164349556,0.814190566539764,0.652999460697174,0.359132260084152
"Zimbabwe",3.57238626480103,7.67858982086182,0.693817436695099,55,0.734612762928009,-0.0688367038965225,0.757493674755096,0.60975182056427,0.178953364491463
